led-campinglampe-solcelleladet-sammenleggbar	OK	gid://shopify/Product/15525628772727
ultralett-hengekoye-300-kg-med-feste	OK	gid://shopify/Product/15525629100407
sammenleggbart-nodtoalett-kompakt-for-camping-bil	OK	gid://shopify/Product/15525629198711
skyggenett-uv-bestandig-solskjerming-for-terrasse	OK	gid://shopify/Product/15525629362551
oppblasbar-luftsofa-baerbar-loungesekk	OK	gid://shopify/Product/15525629755767
herreshorts-3-pack-hurtigtorkende-treningsshorts	OK	gid://shopify/Product/15525629919607
sugekoppkroker-vindtette-teltkroker-multipakke	OK	gid://shopify/Product/15525630017911
sadelvesker-for-firehjuling-oppbevaring-for-atv	OK	gid://shopify/Product/15525630181751
mc-handvarmere-vindtette-grepdeksler	OK	gid://shopify/Product/15525630411127
motocross-handbeskyttere-universelle-i-pp-plast	OK	gid://shopify/Product/15525630574967
