led-campinglampe-solcelleladet-sammenleggbar	inventoryPolicy	OK	
geitehalsband-med-kobberbjelle-justerbart-for-smafe	inventoryPolicy	OK	
sidemarkeringslys-led-20-pakning-12v-for-bil-lastebil	inventoryPolicy	OK	
handdrevet-kjedesliper-slipeverktoy-for-motorsag	inventoryPolicy	OK	
ibc-tank-4-veis-fordelingsadapter-justerbar-for-vanning	inventoryPolicy	OK	
ultralett-hengekoye-300-kg-med-feste	inventoryPolicy	OK	
beverkobling-slipp-kronglete-kabelsko	inventoryPolicy	OK	
sammenleggbart-nodtoalett-kompakt-for-camping-bil	inventoryPolicy	OK	
boksapner-med-pilltapp-skansom-for-neglene	inventoryPolicy	OK	
manuell-vedkloyver-veggmontert-i-stopejern	inventoryPolicy	OK	
cargoshorts-3-pakning-avslappede-herreshorts-med-lommer	inventoryPolicy	OK	
digital-dekkmonsterdybdemaler-lcd-skjerm	inventoryPolicy	OK	
skyggenett-uv-bestandig-solskjerming-for-terrasse	inventoryPolicy	OK	
3d-vinkelhake-vinkellinjal-med-rissespiss	inventoryPolicy	OK	
beverlampe-pro	inventoryPolicy	OK	
lettvektsryggsekk-turveske-med-stavfeste	inventoryPolicy	OK	
hurtigtorkende-sportsshorts-pustende	inventoryPolicy	OK	
garanti-for-sikker-frakt	inventoryPolicy	OK	
selvklebende-treband-insektfelle-for-frukttraer	inventoryPolicy	OK	
stotsikkert-iphone-deksel-med-halssnor-og-skjermbeskyttelse	inventoryPolicy	OK	
vaskepose-for-sko-beskytter-sneakers-i-maskinen	inventoryPolicy	OK	
oppblasbar-luftsofa-baerbar-loungesekk	inventoryPolicy	OK	
4-veis-kranadapter-slangefordeler-med-avstenging	inventoryPolicy	OK	
herrebriller-2-pak-lette-motebriller	inventoryPolicy	OK	
antiskli-mattestoppere-24-pk-holder-matten-pa-plass	inventoryPolicy	OK	
herreshorts-3-pack-hurtigtorkende-treningsshorts	inventoryPolicy	OK	
sugekoppkroker-vindtette-teltkroker-multipakke	inventoryPolicy	OK	
radiostyrt-bil-1-16-hoyhastighet-med-metallkaross	inventoryPolicy	OK	
handholdt-sproytepistol-for-maling-og-handverk	inventoryPolicy	OK	
bassengfilter-rengjoringsborste-munnstykke-med-trykkontroll	inventoryPolicy	OK	
bevertrakt-fyll-drivstoff-raskt-uten-sol	inventoryPolicy	OK	
sadelvesker-for-firehjuling-oppbevaring-for-atv	inventoryPolicy	OK	
forlengelsesnokkel-2-i-1-skrallenokkel-med-piper	inventoryPolicy	OK	
hoytrykk-bilvaskepistol-justerbart-slangemunnstykke	inventoryPolicy	OK	
seteovertrekk-for-ridegressklipper-slitesterkt-600d-oxford	inventoryPolicy	OK	
mc-handvarmere-vindtette-grepdeksler	inventoryPolicy	OK	
oljefilternokkel-3-kjeft-justerbar	inventoryPolicy	OK	
lommekjedesag-baerbar-handsag-med-sklisikkert-handtak	inventoryPolicy	OK	
motocross-handbeskyttere-universelle-i-pp-plast	inventoryPolicy	OK	
manuell-vaeskepumpe-drilldrevet-suge-og-overforingspumpe	inventoryPolicy	OK	
fiskesett-med-oppbevaringsboks-komplett-fiskeutstyrssett	inventoryPolicy	OK	
mesh-hageforkle-pustende-med-lommer	inventoryPolicy	OK	
trekantet-solseil-uv-beskyttelse-for-hage-uteplass	inventoryPolicy	OK	
tilhengerstropp-150-tommer-slitesterk-nylonstropp	inventoryPolicy	OK	
tradlos-bilstovsuger-oppladbar-og-kraftig	inventoryPolicy	OK	
trimmertrad-2-4-mm-100-m-5-sidet-for-gresstrimmer-kanttrimmer	inventoryPolicy	OK	
ai-smartbriller-8mp-kamera-stemmeassistent	inventoryPolicy	OK	
teleskopisk-sproytepistol-for-hage-bilvask	inventoryPolicy	OK	
sammenleggbar-vannbeholder-8l-med-kran	inventoryPolicy	OK	
skovaskepose-med-glidelas-bla-for-sneakers	inventoryPolicy	OK	
rengjoringsborste-for-gressklipper-uteplass-10-tum-3-tagget	inventoryPolicy	OK	
batterifrakobler-hovedstrombryter-12-24v	inventoryPolicy	OK	
skulderbelte-for-trimmer-justerbart-nylonbelte	inventoryPolicy	OK	
baerbar-klessnor-8m-justerbar-for-camping	inventoryPolicy	OK	
gressklipperslipe-for-drill-dobbeltsidig-slipestein	inventoryPolicy	OK	
golfnett-305x305-cm-ovingsnett-for-hagen	inventoryPolicy	OK	
styrehandtak-atv-sklisikre-i-aluminium-22mm	inventoryPolicy	OK	
lastenett-kraftig-tilhengernett-for-sikker-transport	inventoryPolicy	OK	
trimmersele-med-ergonomiske-skulderstropper-justerbar-baersele	inventoryPolicy	OK	
spyleklemme-for-batmotor-testvannsklemme	inventoryPolicy	OK	
veggfeste-for-gresstrimmer-kraftig-verktoyholder	inventoryPolicy	OK	
taktisk-brystveske-justerbar-med-flere-rom	inventoryPolicy	OK	
hjelmholder-veggfeste-180-rotasjon-i-metall	inventoryPolicy	OK	
dobbel-skulderstropp-for-trimmer-ryddesag-kraftig-nylonsele	inventoryPolicy	OK	
borstesett-6-deler-myke-borster-for-bil-bat-hjem	inventoryPolicy	OK	
pustende-sneakers-lette-tursko	inventoryPolicy	OK	
motortrekk-for-utenbordsmotor-slitesterk-beskyttelse	inventoryPolicy	OK	
nodregnjakke-lett-pakkbar-regnbeskyttelse	inventoryPolicy	OK	
golfkolle-borste-med-vannspray-baerbar-rengjoring	inventoryPolicy	OK	
staltradsborstehoder-for-trimmer-kraftige-ugress-mosefjernere	inventoryPolicy	OK	
batsetetrekk-210d-vaerbestandig-setebeskyttelse	inventoryPolicy	OK	
turryggsekk-1000d-25-50l-slitesterk	inventoryPolicy	OK	
skoreparasjonslapper-reparerer-haelslitasje-mesh	inventoryPolicy	OK	
7-i-1-jumpstart-5000a-med-luftkompressor-12v-batteribooster	inventoryPolicy	OK	
nano-coating-voks-keramisk-beskyttelse-for-bil-bat	inventoryPolicy	OK	
solcellelampe-cob-baerbar-med-usb-lading	inventoryPolicy	OK	
selvopprullende-spennstropp-kraftig-lastestropp-med-automatisk-retur	inventoryPolicy	OK	
utedusjen-baerbar-campingdusj-med-usb-lading	inventoryPolicy	OK	
antiskli-tape-5m-sklisikring-for-trapper-bat	inventoryPolicy	OK	
flammehemmende-grillmatte-beskytter-bakke-terrasse	inventoryPolicy	OK	
magnetfiskesett-320lb-neodymmagnet-med-10m-tau	inventoryPolicy	OK	
batteridrevet-drivstoffpumpe-baerbar-vaeskepumpe-med-stromningskontrol	inventoryPolicy	OK	
fiskestangholder-4-pakning-kraftig-oppbevaring	inventoryPolicy	OK	
led-garasjebelysning-14-pack-sekskantede-taklamper-6500k	inventoryPolicy	OK	
golfskoveske-nylon-med-glidelas	inventoryPolicy	OK	
led-lysbjelke-spot-flood-12-24v-arbeidslys	inventoryPolicy	OK	
golfballplukker-80-cm-med-baereveske	inventoryPolicy	OK	
1080p-inspeksjonskamera-endoskop-ip67-for-bil-ror-motor	inventoryPolicy	OK	
battrekk-420d-slitesterkt-trekk-for-oppblasbar-bat	inventoryPolicy	OK	
mc-led-lykt-ekstralys-og-takelys-12v	inventoryPolicy	OK	
tofler-ergonomiske-tykksalede-for-inne-ute	inventoryPolicy	OK	
oppblasbart-liggeunderlag-tpu-ultralett-sovematte-for-camping	inventoryPolicy	OK	
styrlas-hjelmlas-combo-tyverisikring-i-aluminium	inventoryPolicy	OK	
fritidssko-herre-lave-lette-med-sklisikker-sale	inventoryPolicy	OK	
tradlos-dekkpumpe-150-psi-smart-luftkompressor-med-led-display	inventoryPolicy	OK	
mobildeksel-magnetisk-med-stativ-iphone-12-17	inventoryPolicy	OK	
mc-seteovertrekk-camo-ventilerende-beskyttelse	inventoryPolicy	OK	
marint-motortrekk-420d-universell-beskyttelse	inventoryPolicy	OK	
nettbrettstativ-roterbart-justerbart	inventoryPolicy	OK	
raske-tradkoblinger-inline-splice-50-pack-for-alle-kretser	inventoryPolicy	OK	
bathenger-vinsjstropp-kraftig-med-krok-12000-lbs	inventoryPolicy	OK	
led-lysboyle-10-20-tommer-combo-beam-offroad	inventoryPolicy	OK	
14-i-1-multiverktoyhammer-camping-nodsituasjon	inventoryPolicy	OK	
veggmonterte-slange-ledningsholdere-5-pack-for-garasje-hage	inventoryPolicy	OK	
nodstoppsnor-for-yamaha-sikkerhetsline	inventoryPolicy	OK	
gressklipperdeksel-600d-oxford-med-strammesnor	inventoryPolicy	OK	
plastsveis-for-bilreparasjon-stotfanger-kjoretoyplast-med-heftestifter	inventoryPolicy	OK	
bitsholder-med-sperrehake-hurtigfeste	inventoryPolicy	OK	
led-lyslist-20-4-pods-komplett-offroad-kit	inventoryPolicy	OK	
fiskestangholder-for-bat-2-pak-i-kraftig-nylon	inventoryPolicy	OK	
momentlas-for-gjerde-lettmontert-portlas-for-beite-hage	inventoryPolicy	OK	
bensinkanne-3l-lasbar-reservetank-for-mc	inventoryPolicy	OK	
brystveske-for-herre-sling-bag-for-sport-og-fritid	inventoryPolicy	OK	
gjerdetradstrammer-30-pack-strammehandtak-komplett-sett	inventoryPolicy	OK	
capsholder-smart-oppbevaring-for-8-caps	inventoryPolicy	OK	
gjerdestrammer-tradstrammer-kraftig-for-hage-beite	inventoryPolicy	OK	
strandmatte-med-oppblasbar-nakkestotte-sandtett	inventoryPolicy	OK	
mc-led-blinklys-4-pakning-micro-amber-12v	inventoryPolicy	OK	
gjenbrukbar-hagesekk-med-handtak-kraftig-for-lov-gress	inventoryPolicy	OK	
arbeidslysboyle-120w-7-led-spot-flood	inventoryPolicy	OK	
ibc-tank-kranadapter-kit-tilkobling-for-vanntank-hage	inventoryPolicy	OK	
led-arbeidsbelysning-4-pakning-3-3-spotlight-12-24v	inventoryPolicy	OK	
herresandaler-konvertible-for-sport-og-strand	inventoryPolicy	OK	
teltplugger-8-pack-kraftige-bakkeplugger	inventoryPolicy	OK	
led-grillelys-3-pakning-utenpamontert-12v	inventoryPolicy	OK	
strandtofler-for-herre-sklisikre-hagesko	inventoryPolicy	OK	
led-arbeidslys-90w-7-9-for-lastebil-traktor	inventoryPolicy	OK	
marin-fortoyningsline-elastisk-uv-bestandig	inventoryPolicy	OK	
sammenleggbar-hundematte-baerbar-for-bil-camping	inventoryPolicy	OK	
varsellysboyle-38-rav-hvit-for-lastebil	inventoryPolicy	OK	
skrue-teltplugger-bakkeanker-med-gjenger	inventoryPolicy	OK	
sidelys-led-4-pakning-ekstralys-for-lastebil	inventoryPolicy	OK	
cap-lampe-300-lumen-clip-on-led-pannelampe	inventoryPolicy	OK	
vannsko-hurtigtorkende-for-bekk-strand	inventoryPolicy	OK	
