veggfeste-for-gresstrimmer-kraftig-verktoyholder	OK	gid://shopify/Product/15525897142647
hjelmholder-veggfeste-180-rotasjon-i-metall	OK	gid://shopify/Product/15525897240951
golfkolle-borste-med-vannspray-baerbar-rengjoring	OK	gid://shopify/Product/15525897470327
skoreparasjonslapper-reparerer-haelslitasje-mesh	OK	gid://shopify/Product/15525897601399
utedusjen-baerbar-campingdusj-med-usb-lading	OK	gid://shopify/Product/15525897798007
magnetfiskesett-320lb-neodymmagnet-med-10m-tau	OK	gid://shopify/Product/15525897896311
golfskoveske-nylon-med-glidelas	OK	gid://shopify/Product/15525898092919
golfballplukker-80-cm-med-baereveske	OK	gid://shopify/Product/15525898223991
tofler-ergonomiske-tykksalede-for-inne-ute	OK	gid://shopify/Product/15525898387831
fritidssko-herre-lave-lette-med-sklisikker-sale	OK	gid://shopify/Product/15525898518903
mobildeksel-magnetisk-med-stativ-iphone-12-17	OK	gid://shopify/Product/15525898617207
nettbrettstativ-roterbart-justerbart	OK	gid://shopify/Product/15525898715511
14-i-1-multiverktoyhammer-camping-nodsituasjon	OK	gid://shopify/Product/15525898846583
gressklipperdeksel-600d-oxford-med-strammesnor	OK	gid://shopify/Product/15525898977655
fiskestangholder-for-bat-2-pak-i-kraftig-nylon	OK	gid://shopify/Product/15525899108727
capsholder-smart-oppbevaring-for-8-caps	OK	gid://shopify/Product/15525899272567
