gid://shopify/Product/15844610572671	stalborste-for-grill	bbq-brush-light-easy	BBQ Brush – Light & Easy
gid://shopify/Product/15844610670975	grillspett-premium-rostfritt-stal	premium-bbq-skewers-6-pack	Premium BBQ Skewers 6 Pack – Stainless Steel with Wooden Handles
gid://shopify/Product/15844610703743	forklade-lader	premium-leather-bbq-apron	Apron - Premium Leather
gid://shopify/Product/15844611129727	forklade-slitstarkt-flera-farger	hard-wearing-bbq-apron	Apron - Hard-Wearing, Multiple Colours
gid://shopify/Product/15844611522943	skyddshandskar	protective-bbq-gloves	Protective Gloves
gid://shopify/Product/15844612079999	korvgubben	bbq-sausage-holder	KorvGubben – Fun & Easy Sausage Holder for the BBQ & Campfire
gid://shopify/Product/15844612178303	skarbrada-i-andtra-premium-valnotstra-36-x-24-x-2-5-cm	end-grain-walnut-chopping-board	End Grain Chopping Board – Premium Walnut, 36 x 24 x 2.5 cm
gid://shopify/Product/15844612342143	bbq-grillborste-ultra	bbq-brush-ultra	BBQ Brush Ultra – Effective Cleaning for Your BBQ
gid://shopify/Product/15844612440447	forklade-mc-knutt	biker-bbq-apron	Apron - Biker
gid://shopify/Product/15844613194111	mastern-hela-mastern-kittet	the-master-complete-kit	The Master - The Complete Master Kit
gid://shopify/Product/15844613292415	forklade-olmage	beer-belly-apron	Apron - Beer Belly
gid://shopify/Product/15844614635903	hamburgerpress-i-gjutjarn	cast-iron-burger-press	Cast Iron Burger Press – Perfect Burgers Every Time
gid://shopify/Product/15844615061887	forklade-kiss-and-bring-him-beer	kiss-and-bring-him-beer-apron	Apron - Kiss and bring him beer
gid://shopify/Product/15844615225727	aa	premium-bbq-smash-burger-kit	Premium BBQ & Smash Burger Kit – Complete Stainless Steel Set with Accessories & Storage Bag
gid://shopify/Product/15844615455103	grillrengoringssten	bbq-cleaning-stone	BBQ Cleaning Stone – Gentle & Effective Cleaning
gid://shopify/Product/15844615815551	borst-poler-huvud	brush-polishing-head	Brush + Polishing Head
gid://shopify/Product/15844617159039	forklade-the-grillfather	the-grillfather-apron	Apron - The Grillfather
gid://shopify/Product/15844617519487	grilltanger	bbq-tongs	BBQ Tongs – Multiple Sizes
gid://shopify/Product/15844618174847	golf-grill-kit	golf-bbq-kit	Golf BBQ Kit - The BBQ tool set every golfer wants.
gid://shopify/Product/15844618764671	potatisskruv-skarare	potato-spiral-cutter	Potato Spiral Cutter – Easy Chips & Spirals
gid://shopify/Product/15844619190655	forklade-sailor-moon	sailor-moon-apron	Apron - Sailor Moon
gid://shopify/Product/15844619288959	forklade-masterkock	mastercook-apron	Apron – MasterCOOK
gid://shopify/Product/15844620337535	roterande-grillkorg-i-rostfritt-stal-perfekt-for-gronsaker-kott-tillbehor	greatgrill-rotating-bbq-basket	Greatgrill - Perfect for Veggies, Meat & Sides
gid://shopify/Product/15844620861823	knivsliop	4-stage-knife-sharpener	4-Stage Knife Sharpener – Multifunctional with Scissor Sharpener & Non-Slip Base
gid://shopify/Product/15844621091199	stekbord	stainless-steel-bbq-hotplate	Stainless Steel BBQ Hotplate – Perfect for Meat, Veggies & Smash Burgers
gid://shopify/Product/15844621582719	grillblasaren-turbo	turbo-bbq-blower	Turbo BBQ Blower – Fire Up Your BBQ Fast
gid://shopify/Product/15844621681023	elektrisk-grillborste	the-master-electric-bbq-brush	The Master — Grates Gleaming. Beer Cold.
gid://shopify/Product/15844622139775	garanti-for-saker-frakt	safe-shipping-guarantee	Safe Shipping Guarantee
gid://shopify/Product/15844622664063	majskolvshallare-10-pack	corn-holders-10-pack	Corn Holders – 10 Pack
gid://shopify/Product/15844622729599	grillrengoringsspray	bbq-cleaning-spray	BBQ Cleaning Spray
gid://shopify/Product/15844624138623	forklade-tranad-manlig-kropp	muscle-man-apron	Novelty Apron – Muscle Man Body
gid://shopify/Product/15844624236927	forklade-kvinna-i-bikini	bikini-woman-apron	BBQ Apron - Woman in Bikini
gid://shopify/Product/15844624302463	polerhuvud-1	polishing-head	Polishing Head
gid://shopify/Product/15844624335231	premium-biffknivar-i-rostfritt-stal-6-pack-med-elegant-forvaringslada	premium-steak-knives-6-pack	Premium Stainless Steel Steak Knives – 6 Pack with Elegant Storage Box
gid://shopify/Product/15844625449343	forklade-grill-master	grill-master-apron	Apron – Grill Master
gid://shopify/Product/15844625482111	portabel-utomhusgrill	portable-outdoor-bbq	Portable Outdoor BBQ – Small & Large Model
gid://shopify/Product/15844625613183	bbq-redskapsset-for-grillen	bbq-tool-set	BBQ Tool Set – 3, 5 or 9 Pieces
gid://shopify/Product/15844625842559	6-pack-knivset	6-piece-knife-set	6-Piece Knife Set – Premium Stainless Steel Kitchen Knives with Damascus-Inspired Design
gid://shopify/Product/15844626334079	borst-huvud	brush-head	Brush Head
gid://shopify/Product/15844626399615	flipgrill	flipgrill-bbq-basket	Flipgrill
gid://shopify/Product/15844626465151	polerhuvud	brush-safe-head	Brush Safe Head
gid://shopify/Product/15844627415423	forklade-enormt-tranad-man	ripped-man-apron	Apron – Ridiculously Ripped Man
