title,body,rating,review_date,reviewer_name,reviewer_email,product_id,product_handle,reply,picture_urls
Bra og praktisk,"Et veldig bra sysett. Alt er samlet på ett sted, og etuiet er praktisk.",5,2026-08-29,Anne Dahl,anne.dahl+bevno3b9308@example.com,,sysett-104-deler-alt-i-ett-etui,,
Praktisk sett,Jeg er veldig fornøyd. Enkelt å bruke og greit å ha hjemme.,5,2026-08-25,Marit Lunde,marit.lunde+bevno8eb395@example.com,,sysett-104-deler-alt-i-ett-etui,,
Perfekt hjemme,Akkurat det jeg trengte. Bra med mange forskjellige ting i samme etui.,5,2026-08-21,Line Sæther,line.saether+bevno0e5faf@example.com,,sysett-104-deler-alt-i-ett-etui,,
Enkelt å bruke,Et enkelt og praktisk sysett. Passer godt til små reparasjoner hjemme.,5,2026-08-17,Emma Lien,emma.lien+bevno3106ef@example.com,,sysett-104-deler-alt-i-ett-etui,,
Mye for pengene,Bra sett med mange deler. Jeg synes det var et godt kjøp.,5,2026-08-13,Sofie Bråten,sofie.braten+bevno260626@example.com,,sysett-104-deler-alt-i-ett-etui,,
Praktisk etui,Jeg liker at alt ligger samlet i etuiet. Tar ikke mye plass.,5,2026-08-09,Kari Solheim,kari.solheim+bevno8bbb30@example.com,,sysett-104-deler-alt-i-ett-etui,,
Bra kvalitet,Fungerer bra og føles praktisk. Jeg er fornøyd med kjøpet.,5,2026-08-05,Sara Eide,sara.eide+bevno04228d@example.com,,sysett-104-deler-alt-i-ett-etui,,
Greit å ha,Perfekt å ha hjemme når noe må repareres raskt.,5,2026-08-01,Elin Hagen,elin.hagen+bevno215d6a@example.com,,sysett-104-deler-alt-i-ett-etui,,
Superbra,Enkelt sysett med det meste man trenger. Veldig fornøyd.,5,2026-07-28,Johan Rud,johan.rud+bevnoe2054b@example.com,,sysett-104-deler-alt-i-ett-etui,,
Praktisk og enkelt,Bra størrelse og lett å ta med. Et skikkelig praktisk sett.,5,2026-07-24,Anders Moen,anders.moen+bevno663568@example.com,,sysett-104-deler-alt-i-ett-etui,,
