title,body,rating,review_date,source,curated,reviewer_name,reviewer_email,product_id,product_handle,reply,reply_date,picture_urls,ip_address,location,metaobject_handle
¡El regalo perfecto!,Mi esposo quedó totalmente sorprendido. ¡Lo vuelvo a comprar!,5,2025-12-14 08:22:00 UTC,wizard,ok,Jessica L.,jessica.l@gmail.com,15513203048772,golf-grill-kit,"¡Gracias, Jessica!",2026-03-31 15:18:37 UTC,https://media.discordapp.net/attachments/1487892936598491226/1488557405204779099/image.png?ex=69cd369d&is=69cbe51d&hm=7cebcaddde2b82afbbd4dbd2dfd5b0921024409743eaef5eac0fbbdfb78f0a4a&=&format=webp&quality=lossless,,,review-bfb4ecc1-1774-4ba5-9710-d43b3412238a
Lo compré de regalo de Navidad,¡Le dio muchísimo gusto! El empaque también está muy bonito.,5,2025-12-23 15:30:00 UTC,wizard,ok,Mariana H.,maja.h@gmail.com,15513203048772,golf-grill-kit,,,,,,review-61b689cb-06b2-46af-b047-ada3fdb9d30a
Tiré el cepillo de alambre de inmediato,"El verano pasado encontré una cerda de alambre en mi hamburguesa y con eso tuve. Este se siente sólido, no como esas chácharas de televentas.",5,2026-03-12 15:43:05 UTC,wizard,ok,Miguel T.,odhneraxel@gmail.com,15536325427524,elektrisk-grillborste,,,https://cdn-pri.vitals.app/phrev/97420607806/204789004-1775513660.4168.jpg,,,review-92226841-5a6c-4a7f-b9cc-f313d1697854
Se siente robusto,"Esperaba otra baratija más, pero este se siente robusto. El motor tiene fuerza de sobra para la grasa quemada.",4,2026-04-10 07:17:44 UTC,wizard,ok,Marcos A.,odhneraxel@gmail.com,15536325427524,elektrisk-grillborste,,,https://cdn-pri.vitals.app/phrev/97420607806/201363021-1771300454.8756.jpg,,,review-e716c5bd-5c2c-4602-b003-f56976680e4f
Arranque perfecto de temporada,Saqué el asador para el primer fin de semana de la temporada y la parrilla estaba hecha un desastre después del invierno. Una pasada con el cepillo y listo.,5,2026-04-13 13:58:02 UTC,wizard,ok,Pedro N.,odhneraxel@gmail.com,15536325427524,elektrisk-grillborste,,,https://cdn-pri.vitals.app/phrev/97420607806/204781044-1775498261.218.jpg,,,review-10bb2e20-0113-453c-9e33-b527bc0cab3a
Justo lo que andaba buscando,Justo lo que andaba buscando. Preparar todo para la temporada de asados ahora cuesta la mitad de trabajo.,5,2026-04-20 07:38:47 UTC,wizard,ok,Erick T.,odhneraxel@gmail.com,15536325427524,elektrisk-grillborste,,,,,,review-db7cd2bd-dd74-49ff-969b-2e864695a95c
Más fácil para la espalda,Tengo 58 y ya se siente eso de agacharse a tallar duro. Con este me ahorro esa parte.,5,2026-04-11 08:28:54 UTC,wizard,ok,Leonardo S.,odhneraxel@gmail.com,15536325427524,elektrisk-grillborste,,,,,,review-73c95df4-b1d9-43e4-aadb-b5b4dff8d6fb
Ahora la noche termina con una cerveza,Antes la noche de asado siempre terminaba con media hora de tallar. Ahora me toma un minuto y luego me puedo sentar a tomarme una cerveza.,5,2026-04-17 18:05:44 UTC,wizard,ok,Tomás R.,odhneraxel@gmail.com,15536325427524,elektrisk-grillborste,,,,,,review-5faddf59-b375-45eb-91ab-282418aacb44
Por fin un cepillo que aguanta,En los últimos años compré tres cepillos baratos y todos tronaron después de una temporada. Este sí parece hecho para durar.,5,2026-03-15 08:28:44 UTC,wizard,ok,Ulises N.,odhneraxel@gmail.com,15536325427524,elektrisk-grillborste,,,,,,review-4736e896-f68f-433a-901c-c1ad0bd0482a
Probé de todo y esto es lo mejor,"He probado raspador de madera, fibra de acero y cepillo de alambre. Esto es lo más rápido y no deja cerdas.",5,2026-04-22 08:18:53 UTC,wizard,ok,Rodolfo S.,odhneraxel@gmail.com,15536325427524,elektrisk-grillborste,,,,,,review-81ef5636-085b-4443-ba24-614887159ea2
Algo caro pero seguro vale la pena,"Funciona bien y llegó rápido. Nada de cerdas sueltas, que era todo el punto.",4,2026-03-23 09:55:39 UTC,wizard,ok,Nicolás E.,odhneraxel@gmail.com,15536325427524,elektrisk-grillborste,,,,,,review-e910505c-e47c-4cba-9967-2df8e1f42cb5
El asador se ve como nuevo,Mi hija me preguntó por qué el asador se ve nuevo. Buena señal.,5,2026-04-13 15:44:22 UTC,wizard,ok,Ricardo A.,odhneraxel@gmail.com,15536325427524,elektrisk-grillborste,,,,,,review-81cc1bee-4260-4eae-8b65-4562d0f12746
Perfecto para el verano,Entrega rápida. Ahora la parrilla está limpia y me puedo concentrar en la carne.,5,2025-05-24 15:06:18 UTC,wizard,ok,Federico L.,odhneraxel@gmail.com,15536325427524,elektrisk-grillborste,,,,,,review-d0e7f257-f7d7-447e-a4bc-be3d9bb8afa7
Práctico para llevar de vacaciones,Me lo llevé de vacaciones a la playa. También funciona en el asador de la casa que rentamos.,4,2025-07-03 07:12:41 UTC,wizard,ok,Marcos W.,odhneraxel@gmail.com,15536325427524,elektrisk-grillborste,,,,,,review-5e92d2d3-fce0-4b36-ac16-3fbede5d3651
,No puedo decir si me gustan. Ya pasaron 3 semanas y todavía no me llegan.,5,2026-05-02 19:15:37 UTC,new-rre-flow,ok,Esteban Lozano,stefan.lundberg@expandia.se,15513203048772,golf-grill-kit,,,,,,review-462f5289-a64d-4050-8d76-11db2bde108b
Todos querían tomarse fotos,Toda la noche la gente estuvo tomándose fotos conmigo con el delantal puesto.,5,2026-03-11 14:20:00 UTC,wizard,ok,David H.,odhneraxel@gmail.com,15549036495172,forklade-masterkock,,,,,,review-38d34401-9fec-4174-87ce-9efc1248b314
Sin duda de quién es el jefe,Ahora todos saben quién manda en el asador.,5,2026-03-23 13:10:00 UTC,wizard,ok,Miguel R.,odhneraxel@gmail.com,15549036495172,forklade-masterkock,,,,,,review-8d5ec23c-6c0b-4be5-ae6c-55b93f5fd75b
La compra más divertida en mucho tiempo,Ha sacado más risas que cualquier otra cosa que haya comprado.,5,2026-04-02 12:30:00 UTC,wizard,ok,Andrés F.,odhneraxel@gmail.com,15549036495172,forklade-masterkock,,,,,,review-e50b44c9-97e7-4124-ae31-daa94dd070ec
El nuevo favorito de papá,Mi papá se lo pone cada vez que asa y le encanta la atención.,5,2026-04-10 13:35:00 UTC,wizard,ok,Víctor A.,odhneraxel@gmail.com,15549036495172,forklade-masterkock,,,,,,review-81456915-f2a4-43e0-ab9c-18b38730f919
El regalo que le gana a todo,Lo mejor que he encontrado para regalar en mucho tiempo.,5,2026-04-13 11:00:00 UTC,wizard,ok,Daniel S.,odhneraxel@gmail.com,15549036495172,forklade-masterkock,,,,,,review-04dee93f-59b3-49f4-accb-66774cf15c17
El vecindario ya sabe quién manda,Después de la carne asada todos respetan mi estatus de parrillero.,5,2026-04-11 06:00:00 UTC,wizard,ok,Esteban G.,odhneraxel@gmail.com,15549036495172,forklade-masterkock,,,,,,review-97a0afa6-bf77-449e-b1a7-6ee252e2b995
Ella lo encontró solita,Mi esposa lo pidió de sorpresa y quedó perfecto.,5,2026-04-21 10:45:00 UTC,wizard,ok,Carlos W.,odhneraxel@gmail.com,15549036495172,forklade-masterkock,,,,,,review-6a48e46b-1b63-466a-8e91-2e8217cbea35
Ahora soy el rey del asador,Ya nadie cuestiona mi lugar frente al asador.,5,2026-04-25 07:30:00 UTC,wizard,ok,Claudio B.,odhneraxel@gmail.com,15549036495172,forklade-masterkock,,,,,,review-6e3bfe4f-82fd-427a-98b6-5c9005fe12fc
Los niños fueron los que más se rieron,Los niños dijeron que era lo más chistoso que habían visto en mucho tiempo.,5,2026-04-26 15:55:00 UTC,wizard,ok,Ricardo J.,odhneraxel@gmail.com,15549036495172,forklade-masterkock,,,,,,review-7c6c5536-f92c-42f5-a4a9-ec2aacf40922
Mis compañeros ya saben quién es el jefe,Lo llevé a la carne asada del trabajo y fue todo un éxito.,5,2026-04-28 13:30:00 UTC,wizard,ok,Pablo L.,odhneraxel@gmail.com,15549036495172,forklade-masterkock,,,,,,review-03750e89-025a-4491-a063-a32d84baec52
Sorprendentemente práctica,Fácil de llenar y fácil de voltear mientras se asa la comida. Justo lo que necesitábamos.,5,2025-08-18 22:00:00 UTC,wizard,ok,Emma G.,odhneraxel@gmail.com,15290956054852,roterande-grillkorg-i-rostfritt-stal-perfekt-for-gronsaker-kott-tillbehor,,,,,,review-2a5cec29-b800-49ce-bbb0-7beb5dcef31b
Buena para trozos pequeños,Un accesorio sencillo que de verdad hace una gran diferencia. Recomendado.,5,2025-11-27 23:00:00 UTC,wizard,ok,Martín K.,odhneraxel@gmail.com,15290956054852,roterande-grillkorg-i-rostfritt-stal-perfekt-for-gronsaker-kott-tillbehor,,,,,,review-fbee0703-f4ab-4430-8f5b-cb7caf0b5e13
Una nueva favorita,Diseño práctico y la comida se queda en su lugar. Sencilla y fácil de usar.,5,2025-10-26 23:00:00 UTC,wizard,ok,María E.,odhneraxel@gmail.com,15290956054852,roterande-grillkorg-i-rostfritt-stal-perfekt-for-gronsaker-kott-tillbehor,,,,,,review-78c73efd-d634-4c75-a47f-0299d3a6e93a
Práctica y sencilla,"Fácil de abrir, llenar y poner directo en el asador. Sencilla y práctica.",5,2026-03-18 23:00:00 UTC,wizard,ok,Daniel D.,odhneraxel@gmail.com,15290956054852,roterande-grillkorg-i-rostfritt-stal-perfekt-for-gronsaker-kott-tillbehor,,,,,,review-ae519680-5751-447f-b649-ffeab83b0764
Buen accesorio para el asador,"Muy práctica para pimiento, cebolla y trozos pequeños de carne. Buena compra.",4,2025-11-18 23:00:00 UTC,wizard,ok,Patricio P.,odhneraxel@gmail.com,15290956054852,roterande-grillkorg-i-rostfritt-stal-perfekt-for-gronsaker-kott-tillbehor,,,,,,review-0af189cf-2f95-423a-8930-d61509102e19
Todo se asa parejito,Ideal para quien le gustan las verduras asadas sin complicaciones.,5,2025-09-08 22:00:00 UTC,wizard,ok,Nicolás K.,odhneraxel@gmail.com,15290956054852,roterande-grillkorg-i-rostfritt-stal-perfekt-for-gronsaker-kott-tillbehor,,,,,,review-a1394731-44ec-4196-81a7-03ecf48ab48d
Buena calidad,Se siente estable y hace más fácil tener la comida bajo control. Buena compra.,4,2025-06-10 22:00:00 UTC,wizard,ok,Frida L.,odhneraxel@gmail.com,15290956054852,roterande-grillkorg-i-rostfritt-stal-perfekt-for-gronsaker-kott-tillbehor,,,,,,review-0f934a95-515a-4fb1-ace6-2f9ec50bc92e
Fácil de usar,El resultado quedó mejor que con una charola normal de asar. Recomendada.,5,2026-05-16 22:00:00 UTC,wizard,ok,Sara C.,odhneraxel@gmail.com,15290956054852,roterande-grillkorg-i-rostfritt-stal-perfekt-for-gronsaker-kott-tillbehor,,,,,,review-0b2551a9-d06a-41a9-9d66-5239ffa1e3f7
Hace el asado más fácil,Funcionó muy bien en nuestro asador y fue fácil de limpiar después. Justo lo que necesitábamos.,5,2025-08-06 22:00:00 UTC,wizard,ok,Mauricio V.,odhneraxel@gmail.com,15290956054852,roterande-grillkorg-i-rostfritt-stal-perfekt-for-gronsaker-kott-tillbehor,,,,,,review-4ff7a616-a22e-44d5-8782-d0307593c871
Práctica y sencilla,"Fácil de abrir, llenar y poner directo en el asador. Sencilla y práctica.",5,2025-12-14 23:00:00 UTC,wizard,ok,Enrique B.,odhneraxel@gmail.com,15290956054852,roterande-grillkorg-i-rostfritt-stal-perfekt-for-gronsaker-kott-tillbehor,,,,,,review-6a306dd0-6a44-435b-90cd-2134e0d5dfd6
Muy práctica en el asador,Las verduras se asaron parejo y nada se cayó entre la parrilla.,5,2026-05-14 22:00:00 UTC,wizard,ok,Melina J.,odhneraxel@gmail.com,15290956054852,roterande-grillkorg-i-rostfritt-stal-perfekt-for-gronsaker-kott-tillbehor,,,,,,review-2ed4d0a7-5152-4a96-b2d0-fc9a53df9b99
Buena para trozos pequeños,Un accesorio sencillo que de verdad hace una gran diferencia. Recomendado.,5,2025-12-17 23:00:00 UTC,wizard,ok,Martín D.,odhneraxel@gmail.com,15290956054852,roterande-grillkorg-i-rostfritt-stal-perfekt-for-gronsaker-kott-tillbehor,,,,,,review-913375ea-5b15-409e-928e-7c86a1e58e97
Buen resultado cada vez,Perfecta cuando quieres asar trozos pequeños sin usar papel aluminio. Recomendada.,5,2025-09-21 22:00:00 UTC,wizard,ok,Sara C.,odhneraxel@gmail.com,15290956054852,roterande-grillkorg-i-rostfritt-stal-perfekt-for-gronsaker-kott-tillbehor,,,,,,review-7ee7408a-56c3-4b25-a35a-7537f46c7fb9
Práctica y sencilla,"Fácil de abrir, llenar y poner directo en el asador. Sencilla y práctica.",5,2025-04-15 22:00:00 UTC,wizard,ok,Daniel S.,odhneraxel@gmail.com,15290956054852,roterande-grillkorg-i-rostfritt-stal-perfekt-for-gronsaker-kott-tillbehor,,,,,,review-c3577a22-110b-4a37-b374-8f09f5d410ed
Fácil de usar,El resultado quedó mejor que con una charola normal de asar. Recomendada.,5,2025-09-18 22:00:00 UTC,wizard,ok,Sofía A.,odhneraxel@gmail.com,15290956054852,roterande-grillkorg-i-rostfritt-stal-perfekt-for-gronsaker-kott-tillbehor,,,,,,review-dadcfbea-295c-41ce-ad0c-28cf9f3c3018
Buena para trozos pequeños,Un accesorio sencillo que de verdad hace una gran diferencia. Recomendado.,5,2025-11-10 23:00:00 UTC,wizard,ok,Miguel V.,odhneraxel@gmail.com,15290956054852,roterande-grillkorg-i-rostfritt-stal-perfekt-for-gronsaker-kott-tillbehor,,,,,,review-e4950e6e-0acd-4b90-8169-53d8b4385321
Hace el asado más fácil,Funcionó muy bien en nuestro asador y fue fácil de limpiar después. Justo lo que necesitábamos.,5,2026-01-09 23:00:00 UTC,wizard,ok,Roberto K.,odhneraxel@gmail.com,15290956054852,roterande-grillkorg-i-rostfritt-stal-perfekt-for-gronsaker-kott-tillbehor,,,,,,review-661f8cd4-6e81-4052-87d5-f174678ab1d2
Buena calidad,Se siente estable y hace más fácil tener la comida bajo control. Buena compra.,4,2026-05-04 22:00:00 UTC,wizard,ok,Frida E.,odhneraxel@gmail.com,15290956054852,roterande-grillkorg-i-rostfritt-stal-perfekt-for-gronsaker-kott-tillbehor,,,,,,review-27a57843-d4ed-4da1-b272-a3ddeca23b4b
Buen accesorio para el asador,"Muy práctica para pimiento, cebolla y trozos pequeños de carne. Buena compra.",4,2025-06-04 22:00:00 UTC,wizard,ok,Juan D.,odhneraxel@gmail.com,15290956054852,roterande-grillkorg-i-rostfritt-stal-perfekt-for-gronsaker-kott-tillbehor,,,,,,review-3817a37f-899b-48f6-bc6b-d3da406733e3
Sorprendentemente práctica,Fácil de llenar y fácil de voltear mientras se asa la comida. Justo lo que necesitábamos.,5,2025-08-08 22:00:00 UTC,wizard,ok,Emma G.,odhneraxel@gmail.com,15290956054852,roterande-grillkorg-i-rostfritt-stal-perfekt-for-gronsaker-kott-tillbehor,,,,,,review-cc65a671-eedd-4932-a6d2-fbd86c07fce0
Buen resultado cada vez,Perfecta cuando quieres asar trozos pequeños sin usar papel aluminio. Recomendada.,5,2025-07-22 22:00:00 UTC,wizard,ok,Sofía N.,odhneraxel@gmail.com,15290956054852,roterande-grillkorg-i-rostfritt-stal-perfekt-for-gronsaker-kott-tillbehor,,,,,,review-96bf5986-cb27-434e-984a-4128157b5d3b
Buena calidad,Se siente estable y hace más fácil tener la comida bajo control. Buena compra.,4,2025-12-03 23:00:00 UTC,wizard,ok,Josefina A.,odhneraxel@gmail.com,15290956054852,roterande-grillkorg-i-rostfritt-stal-perfekt-for-gronsaker-kott-tillbehor,,,,,,review-a6b565f2-a5a2-473e-9c43-86b594833953
Muy práctica en el asador,Las verduras se asaron parejo y nada se cayó entre la parrilla.,5,2026-03-22 23:00:00 UTC,wizard,ok,Melina R.,odhneraxel@gmail.com,15290956054852,roterande-grillkorg-i-rostfritt-stal-perfekt-for-gronsaker-kott-tillbehor,,,,,,review-7d82a411-0a17-42da-ab9e-daf9506779d7
Todo se asa parejito,Ideal para quien le gustan las verduras asadas sin complicaciones.,5,2025-11-30 23:00:00 UTC,wizard,ok,Tomás P.,odhneraxel@gmail.com,15290956054852,roterande-grillkorg-i-rostfritt-stal-perfekt-for-gronsaker-kott-tillbehor,,,,,,review-4786eb0a-7f9d-4769-94b6-9f6a12c8fd78
Fácil de llenar,"Queda muy bien para calabacita, champiñones, pimiento y trozos de papa.",5,2026-01-03 23:00:00 UTC,wizard,ok,Ana N.,odhneraxel@gmail.com,15290956054852,roterande-grillkorg-i-rostfritt-stal-perfekt-for-gronsaker-kott-tillbehor,,,,,,review-d6f5247f-bbe8-4a46-95a4-61aaf36705e6
,Está bien,3,2026-05-23 19:12:53 UTC,new-rre-flow,ok,Petr Novak,gunnarstorp87@gmail.com,15537600299332,polerhuvud,,,,2a02:1406:245:962e:1e93:ccc4:5c29:92f3,,review-5e5256b9-927d-4a54-a341-daf064cd05bc
,Buenísimo en acero inoxidable,5,2026-05-29 06:32:35 UTC,new-rre-flow,ok,Esteban Linares,staffan.lindell56@gmail.com,15537598988612,borst-huvud,,,,,,review-a70cfd86-1d87-433e-ab2b-e8840bbeb8da
Buen accesorio para el asador,"Muy práctica para pimiento, cebolla y trozos pequeños de carne. Buena compra.",4,2025-08-29 22:00:00 UTC,wizard,ok,Juan D.,odhneraxel@gmail.com,15290956054852,roterande-grillkorg-i-rostfritt-stal-perfekt-for-gronsaker-kott-tillbehor,,,https://m.media-amazon.com/images/I/81PWkL6iyGL.jpg,,,review-5dfbb9a3-63ff-429f-84d6-4fa5d23258cb
Una nueva favorita,Diseño práctico y la comida se queda en su lugar. Sencilla y fácil de usar.,5,2026-01-09 23:00:00 UTC,wizard,ok,Elena J.,odhneraxel@gmail.com,15290956054852,roterande-grillkorg-i-rostfritt-stal-perfekt-for-gronsaker-kott-tillbehor,,,,,,review-81afc267-905a-447d-8b5f-0a39508308f4
Buena calidad,Se siente estable y hace más fácil tener la comida bajo control. Buena compra.,4,2025-11-29 23:00:00 UTC,wizard,ok,Josefina A.,odhneraxel@gmail.com,15290956054852,roterande-grillkorg-i-rostfritt-stal-perfekt-for-gronsaker-kott-tillbehor,,,,,,review-bd0d573d-3140-4bac-93c8-cbfbbdf5f845
Ya no se me cae la comida,La comida se coció parejo y la canasta fue fácil de usar. Sencilla y práctica.,5,2025-07-01 22:00:00 UTC,wizard,ok,Helena G.,odhneraxel@gmail.com,15290956054852,roterande-grillkorg-i-rostfritt-stal-perfekt-for-gronsaker-kott-tillbehor,,,,,,review-839bdf97-f0d4-41dd-96b8-a3875b07f311
Queda muy bien en el asador,Ya no ando persiguiendo trocitos de verdura por la parrilla. Buena compra.,4,2025-10-04 22:00:00 UTC,wizard,ok,Óscar M.,odhneraxel@gmail.com,15290956054852,roterande-grillkorg-i-rostfritt-stal-perfekt-for-gronsaker-kott-tillbehor,,,,,,review-82771ed5-c00c-4bc9-9486-00fd1b1e44e6
Todo se asa parejito,Ideal para quien le gustan las verduras asadas sin complicaciones.,5,2025-09-30 22:00:00 UTC,wizard,ok,Andrés F.,odhneraxel@gmail.com,15290956054852,roterande-grillkorg-i-rostfritt-stal-perfekt-for-gronsaker-kott-tillbehor,,,,,,review-b3b867ad-ca78-4bf6-bb07-c6e8b66afbeb
Hace el asado más fácil,Funcionó muy bien en nuestro asador y fue fácil de limpiar después. Justo lo que necesitábamos.,5,2025-05-20 22:00:00 UTC,wizard,ok,Mauricio M.,odhneraxel@gmail.com,15290956054852,roterande-grillkorg-i-rostfritt-stal-perfekt-for-gronsaker-kott-tillbehor,,,,,,review-89c53555-8020-4be8-a9a0-23600ea208ad
Solución inteligente,Solución muy práctica cuando asas varias guarniciones al mismo tiempo. Justo lo que necesitábamos.,5,2026-03-02 23:00:00 UTC,wizard,ok,Camila L.,odhneraxel@gmail.com,15290956054852,roterande-grillkorg-i-rostfritt-stal-perfekt-for-gronsaker-kott-tillbehor,,,,,,review-e3b238f1-f3b4-4f91-805c-eb0cd126955d
Muy práctica en el asador,Las verduras se asaron parejo y nada se cayó entre la parrilla.,5,2025-06-04 22:00:00 UTC,wizard,ok,Melina C.,odhneraxel@gmail.com,15290956054852,roterande-grillkorg-i-rostfritt-stal-perfekt-for-gronsaker-kott-tillbehor,,,,,,review-1a80979e-db78-438b-a1e1-83a4f2f4d3d6
Buena para trozos pequeños,Un accesorio sencillo que de verdad hace una gran diferencia. Recomendado.,5,2025-11-15 23:00:00 UTC,wizard,ok,Martín S.,odhneraxel@gmail.com,15290956054852,roterande-grillkorg-i-rostfritt-stal-perfekt-for-gronsaker-kott-tillbehor,,,,,,review-62ce86cf-01d5-43db-9d9d-6dd886a8748a
Una nueva favorita,Diseño práctico y la comida se queda en su lugar. Sencilla y fácil de usar.,5,2025-06-19 22:00:00 UTC,wizard,ok,María L.,odhneraxel@gmail.com,15290956054852,roterande-grillkorg-i-rostfritt-stal-perfekt-for-gronsaker-kott-tillbehor,,,,,,review-def61cc5-f1db-4880-bd62-4e00438b26df
Muy satisfecho,La he usado tanto para verduras como para pollo con buen resultado.,5,2025-09-14 22:00:00 UTC,wizard,ok,Andrés V.,odhneraxel@gmail.com,15290956054852,roterande-grillkorg-i-rostfritt-stal-perfekt-for-gronsaker-kott-tillbehor,,,,,,review-2a74820c-f702-4cb1-86a5-b9f35113e1f1
Ya no se me cae la comida,La comida se coció parejo y la canasta fue fácil de usar. Sencilla y práctica.,5,2025-12-08 23:00:00 UTC,wizard,ok,Elena J.,odhneraxel@gmail.com,15290956054852,roterande-grillkorg-i-rostfritt-stal-perfekt-for-gronsaker-kott-tillbehor,,,,,,review-545f32c8-6cd6-4686-88c0-054657303763
Buena para trozos pequeños,Un accesorio sencillo que de verdad hace una gran diferencia. Recomendado.,5,2026-04-05 22:00:00 UTC,wizard,ok,Mikael M.,odhneraxel@gmail.com,15290956054852,roterande-grillkorg-i-rostfritt-stal-perfekt-for-gronsaker-kott-tillbehor,,,,,,review-9ec887fc-9000-4e3c-86b2-bc7662f68b4b
Queda muy bien en el asador,Ya no ando persiguiendo trocitos de verdura por la parrilla. Buena compra.,4,2025-04-04 22:00:00 UTC,wizard,ok,Oskar V.,odhneraxel@gmail.com,15290956054852,roterande-grillkorg-i-rostfritt-stal-perfekt-for-gronsaker-kott-tillbehor,,,,,,review-1ad5d965-7b7a-43aa-bcc5-35acfbe27195
Práctica y sencilla,"Fácil de abrir, llenar y poner directo en el asador. Sencilla y práctica.",5,2026-05-23 22:00:00 UTC,wizard,ok,Alejandro F.,odhneraxel@gmail.com,15290956054852,roterande-grillkorg-i-rostfritt-stal-perfekt-for-gronsaker-kott-tillbehor,,,,,,review-a30c21c9-9756-4e4e-91cc-d60b76deb6d4
Buen accesorio para el asador,"Muy práctica para pimiento, cebolla y trozos pequeños de carne. Buena compra.",4,2025-11-24 23:00:00 UTC,wizard,ok,Juan S.,odhneraxel@gmail.com,15290956054852,roterande-grillkorg-i-rostfritt-stal-perfekt-for-gronsaker-kott-tillbehor,,,,,,review-6938b1d7-a0fb-47d5-be2c-6d0235ffc294
Perfecta para las asadas del verano,Ya se volvió un accesorio infaltable en las asadas en casa. Buena compra.,4,2025-11-09 23:00:00 UTC,wizard,ok,Linda R.,odhneraxel@gmail.com,15290956054852,roterande-grillkorg-i-rostfritt-stal-perfekt-for-gronsaker-kott-tillbehor,,,,,,review-1a1a1988-63d2-4cd3-803c-fcad016a5eba
Práctica y sencilla,"Fácil de abrir, llenar y poner directo en el asador. Sencilla y práctica.",5,2026-02-18 23:00:00 UTC,wizard,ok,Daniel D.,odhneraxel@gmail.com,15290956054852,roterande-grillkorg-i-rostfritt-stal-perfekt-for-gronsaker-kott-tillbehor,,,,,,review-a6a93e2a-5581-437a-9129-0914c6b0311a
Muy práctica en el asador,Las verduras se asaron parejo y nada se cayó entre la parrilla.,5,2025-09-14 22:00:00 UTC,wizard,ok,Karina L.,odhneraxel@gmail.com,15290956054852,roterande-grillkorg-i-rostfritt-stal-perfekt-for-gronsaker-kott-tillbehor,,,,,,review-03b1800e-831d-4126-93fc-774fc5bac3b3
Buena para trozos pequeños,Un accesorio sencillo que de verdad hace una gran diferencia. Recomendado.,5,2025-07-05 22:00:00 UTC,wizard,ok,Miguel F.,odhneraxel@gmail.com,15290956054852,roterande-grillkorg-i-rostfritt-stal-perfekt-for-gronsaker-kott-tillbehor,,,,,,review-977f1264-ca11-452f-8e46-3b34883e59ac
Buen resultado cada vez,Perfecta cuando quieres asar trozos pequeños sin usar papel aluminio. Recomendada.,5,2025-06-03 22:00:00 UTC,wizard,ok,Jenny E.,odhneraxel@gmail.com,15290956054852,roterande-grillkorg-i-rostfritt-stal-perfekt-for-gronsaker-kott-tillbehor,,,,,,review-de107d80-ba02-4ea4-8f8a-b85e4f113109
Funciona como debe,Muy satisfecho con lo parejo que se asó todo. Recomendada.,5,2026-03-26 23:00:00 UTC,wizard,ok,Martín D.,odhneraxel@gmail.com,15290956054852,roterande-grillkorg-i-rostfritt-stal-perfekt-for-gronsaker-kott-tillbehor,,,,,,review-0cd31c2a-8714-438f-87a3-da5d8a375d55
Fácil de usar,El resultado quedó mejor que con una charola normal de asar. Recomendada.,5,2025-05-05 22:00:00 UTC,wizard,ok,Sara C.,odhneraxel@gmail.com,15290956054852,roterande-grillkorg-i-rostfritt-stal-perfekt-for-gronsaker-kott-tillbehor,,,,,,review-7b43ed1b-3cf1-4a6a-9576-63acc5f41cf0
,Funcionó más o menos bien,4,2026-06-21 11:06:10 UTC,new-rre-flow,ok,Cristóbal Araujo,krister.arvidsson@yahoo.se,15536325427524,elektrisk-grillborste,,,,2a09:bac2:534e:2878::408:4,,review-e796c72e-7c3c-4a51-9c04-341c23d5eee0
,.,5,2026-06-26 16:31:06 UTC,web,ok,Juan,johan@limelight.se,,,,,,193.203.12.147,,review-58e59bea-4b5a-43dc-86f6-3acc86f478c7
,Asado de lujo para un golfista.,5,2026-06-30 18:47:45 UTC,new-rre-flow,ok,Lorenzo Jiménez,lars196105@gmail.com,15513203048772,golf-grill-kit,,,,,,review-d9d9c601-5cdc-4169-a17a-2d005088b023
,Apenas lo he usado una vez pero funciona muy bien.,5,2026-07-02 17:20:37 UTC,new-rre-flow,ok,Luis Gerardo Juárez,lgjo1956@gmail.com,15537598988612,borst-huvud,,,,94.255.248.254,,review-f201a2a4-a7f1-40b5-a6eb-5efb4ff9fd30
,Contento. Sencillo y funciona bien!,5,2026-07-06 06:13:06 UTC,new-rre-flow,ok,Enrique Juárez,hejo2944@gmail.com,15537598988612,borst-huvud,,,,85.30.169.79,,review-dcf62bbc-98d5-45c6-b2b3-9af607163fd8
,¡Con esto la limpieza es facilísima!,5,2026-07-17 09:37:33 UTC,new-rre-flow,ok,Tania Rojas,tiina.rothare@gmail.com,15537598988612,borst-huvud,,,,,,review-9505f8e5-b200-4d04-9d14-1c1b316283d0
,Buenísimo,5,2026-07-21 11:26:33 UTC,new-rre-flow,ok,Carina Juárez,carinajoelsson3@gmail.com,15536325427524,elektrisk-grillborste,,,,213.89.57.180,,review-91b43e1d-44f6-45ca-9f7d-e2856f1f59e8
,Hola y muchas gracias por mandarme uno nuevo. La verdad están muy buenos,5,2026-07-27 10:14:57 UTC,new-rre-flow,ok,Alfredo Estrada,alf.eriksson@icloud.com,15537600299332,polerhuvud,,,https://s3.amazonaws.com/me.judge.review-images/grillkliniken/1785147298__1785147294722-image__original.jpg,89.233.229.30,,review-3c13e9b7-487f-4d9c-ba41-cee34558822b
,Muy buen limpiador,5,2026-07-31 17:18:51 UTC,new-rre-flow,ok,Lorenzo Núñez,lasse.w.nilsson@gmail.com,15537600299332,polerhuvud,,,,155.4.132.44,,review-28bf3cc8-dfc4-4613-88c8-f8230613f1df
,"No lo he probado, se ve bien.",3,2026-08-03 11:50:36 UTC,new-rre-flow,ok,Javier Bravo,janne@brunnfors.se,,,,,,81.229.104.133,,review-f26dc394-331a-417d-abf5-fc209d25f99a
,"¡Hola! Seguimos esperando la entrega pendiente de otras piezas que compramos. Ya probamos el limpiador de asador con el cabezal de cepillo y el cabezal de limpieza. Cumplieron con lo que esperábamos y las parrillas quedaron limpísimas, así que podemos decir que en nuestro condominio estamos muy satisfechos con el producto. // ¡Saludos! Condominio Cristal de Roca",5,2026-08-10 17:49:46 UTC,new-rre-flow,ok,Pedro Jaramillo,mr.six1313@gmail.com,15537598988612,borst-huvud,,,,78.82.42.244,,review-0c9d52ea-85e5-4b51-99fa-2897ff91a7bd
